,Nickname,Total,WinPct,OpptTotal
0,CGY,3.217,0.5652173913043478,2.783
1,BUF,2.444,0.4,3.056
2,TAM,3.612,0.6,2.888
0,NYR,2.783,0.4347826086956522,3.217
1,ANA,3.056,0.6,2.444
2,CHI,2.888,0.4,3.612
