,Nickname,Total,WinPct,OpptTotal
0,NJD,2.949,0.41666666666666663,3.551
1,OTT,2.918,0.40816326530612246,3.582
2,COB,3.081,0.6078431372549019,2.419
3,BOS,2.419,0.3921568627450981,3.081
4,WAS,3.413,0.5454545454545454,3.087
0,FLA,3.551,0.5833333333333334,2.949
1,NYR,3.582,0.5918367346938775,2.918
2,DET,2.419,0.3921568627450981,3.081
3,TOR,3.081,0.6078431372549019,2.419
4,NYI,3.087,0.4545454545454546,3.413
