,Nickname,Total,WinPct,OpptTotal
0,NAS,3.505,0.6491228070175439,2.495
1,OTT,2.322,0.303030303030303,3.678
2,COL,2.636,0.33333333333333337,3.864
0,CHI,2.495,0.3508771929824561,3.505
1,ANA,3.678,0.696969696969697,2.322
2,CGY,3.864,0.6666666666666666,2.636
