,Nickname,Total,WinPct,OpptTotal
0,LOS,2.308,0.3571428571428571,3.192
1,SAN,3.669,0.6153846153846154,2.831
2,PIT,3.45,0.5555555555555556,3.05
0,WAS,3.192,0.6428571428571429,2.308
1,VAN,2.831,0.3846153846153846,3.669
2,PHI,3.05,0.4444444444444444,3.45
