,Nickname,Total,WinPct,OpptTotal
0,TOR,3.015,0.4347826086956522,3.485
1,TAM,3.45,0.5555555555555556,3.05
2,FLA,3.211,0.5121951219512195,3.289
3,VAN,2.041,0.2777777777777778,3.459
0,WIN,3.485,0.5652173913043478,3.015
1,COL,3.05,0.4444444444444444,3.45
2,NYI,3.289,0.5108342361863488,3.211
3,VGK,3.459,0.7222222222222222,2.041
