,Nickname,Total,WinPct,OpptTotal
0,TOR,2.495,0.41666666666666663,3.005
1,VGK,2.964,0.5121951219512195,3.036
0,BOS,3.005,0.5833333333333334,2.495
1,SAN,3.036,0.5108342361863488,2.964
