,Nickname,Total,WinPct,OpptTotal
0,CAR,2.419,0.3921568627450981,3.081
1,TOR,2.693,0.40816326530612246,3.307
2,DAL,2.178,0.3846153846153846,2.822
3,COL,2.357,0.3125,3.643
0,WAS,3.081,0.6078431372549019,2.419
1,BOS,3.307,0.5918367346938775,2.693
2,NAS,2.822,0.6153846153846154,2.178
3,CGY,3.643,0.6875,2.357
