,Nickname,Total,WinPct,OpptTotal
0,DAL,2.178,0.3846153846153846,2.822
0,STL,2.822,0.6153846153846154,2.178
