,Nickname,Total,WinPct,OpptTotal
0,NAS,3.248,0.574468085106383,2.752
1,NYR,2.305,0.29850746268656714,3.695
2,FLA,3.0,0.5238095238095238,3.0
3,ANA,2.433,0.33333333333333337,3.567
4,TAM,3.696,0.6226415094339622,2.804
5,ARI,2.227,0.2777777777777778,3.773
0,CAR,2.752,0.42553191489361697,3.248
1,COB,3.695,0.7014925373134329,2.305
2,VAN,3.0,0.5,3.0
3,WIN,3.567,0.6666666666666666,2.433
4,NYI,2.804,0.37735849056603776,3.696
5,CGY,3.773,0.7222222222222222,2.227
