,Nickname,Total,WinPct,OpptTotal
0,NYI,2.23,0.33333333333333337,3.27
1,WIN,2.395,0.3846153846153846,3.105
2,TAM,3.307,0.5918367346938775,2.693
3,SAN,2.859,0.3921568627450981,3.641
0,PIT,3.27,0.6666666666666666,2.23
1,STL,3.105,0.6153846153846154,2.395
2,COB,2.693,0.40816326530612246,3.307
3,VGK,3.641,0.6078431372549019,2.859
