,Nickname,Total,WinPct,OpptTotal
0,CAR,2.221,0.4,2.779
1,COL,2.752,0.42553191489361697,3.248
0,NYI,2.779,0.6,2.221
1,SAN,3.248,0.574468085106383,2.752
