,Nickname,Total,WinPct,OpptTotal
0,NAS,3.0,0.5238095238095238,3.0
1,MIN,2.54,0.36363636363636365,3.46
2,STL,2.919,0.5555555555555556,2.581
3,SAN,3.413,0.5454545454545454,3.087
0,COL,3.0,0.5,3.0
1,VGK,3.46,0.6363636363636364,2.54
2,LOS,2.581,0.4444444444444444,2.919
3,FLA,3.087,0.4545454545454546,3.413
