,Nickname,Total,WinPct,OpptTotal
0,BOS,2.849,0.4545454545454546,3.151
1,NAS,2.374,0.4545454545454546,2.626
2,WAS,2.783,0.4347826086956522,3.217
3,CGY,3.151,0.5454545454545454,2.849
0,TOR,3.151,0.5454545454545454,2.849
1,DAL,2.626,0.5454545454545454,2.374
2,CAR,3.217,0.5652173913043478,2.783
3,COL,2.849,0.4545454545454546,3.151
