,Nickname,Total,WinPct,OpptTotal
0,SAN,2.888,0.5454545454545454,2.612
1,MIN,2.717,0.5121951219512195,2.783
2,STL,2.394,0.32258064516129037,3.606
3,CAR,2.888,0.5454545454545454,2.612
0,DAL,2.612,0.4545454545454546,2.888
1,EDM,2.783,0.5108342361863488,2.717
2,WIN,3.606,0.6774193548387096,2.394
3,ANA,2.612,0.4545454545454546,2.888
