,Nickname,Total,WinPct,OpptTotal
0,NJD,2.564,0.37037037037037035,3.436
1,MON,2.612,0.4545454545454546,2.888
2,PHI,2.551,0.4347826086956522,2.949
3,EDM,2.752,0.42553191489361697,3.248
4,DAL,2.419,0.3921568627450981,3.081
0,PIT,3.436,0.6296296296296297,2.564
1,NYI,2.888,0.5454545454545454,2.612
2,ARI,2.949,0.5652173913043478,2.551
3,WAS,3.248,0.574468085106383,2.752
4,BOS,3.081,0.6078431372549019,2.419
