,Nickname,Total,WinPct,OpptTotal
0,TOR,3.89,0.6,3.11
1,DAL,2.395,0.3846153846153846,3.105
2,NYR,2.002,0.2222222222222222,3.998
3,VGK,2.888,0.5454545454545454,2.612
0,PHI,3.11,0.4,3.89
1,CGY,3.105,0.6153846153846154,2.395
2,BOS,3.998,0.7777777777777778,2.002
3,COL,2.612,0.4545454545454546,2.888
