,Nickname,Total,WinPct,OpptTotal
0,DAL,2.199,0.3921568627450981,2.801
1,COB,2.469,0.40816326530612246,3.031
0,STL,2.801,0.6078431372549019,2.199
1,BOS,3.031,0.5918367346938775,2.469
