,Nickname,Total,WinPct,OpptTotal
0,TAM,3.289,0.5108342361863488,3.211
1,BUF,2.329,0.36363636363636365,3.171
0,PIT,3.211,0.5121951219512195,3.289
1,DAL,3.171,0.6363636363636364,2.329
