,Nickname,Total,WinPct,OpptTotal
0,WAS,2.849,0.4545454545454546,3.151
1,VGK,2.849,0.4545454545454546,3.151
2,STL,2.581,0.4444444444444444,2.919
0,CAR,3.151,0.5454545454545454,2.849
1,SAN,3.151,0.5454545454545454,2.849
2,WIN,2.919,0.5555555555555556,2.581
