,Nickname,Total,WinPct,OpptTotal
0,COL,2.752,0.42553191489361697,3.248
1,CAR,2.268,0.41666666666666663,2.732
0,SAN,3.248,0.574468085106383,2.752
1,NYI,2.732,0.5833333333333334,2.268
