,Nickname,Total,WinPct,OpptTotal
0,BOS,3.412,0.6226415094339622,2.588
1,LOS,2.041,0.2777777777777778,3.459
2,PHI,2.23,0.33333333333333337,3.27
0,CHI,2.588,0.37735849056603776,3.412
1,VGK,3.459,0.7222222222222222,2.041
2,NAS,3.27,0.6666666666666666,2.23
