,Nickname,Total,WinPct,OpptTotal
0,CGY,3.46,0.6363636363636364,2.54
1,VAN,3.519,0.574468085106383,2.981
2,EDM,2.717,0.5121951219512195,2.783
3,PIT,3.307,0.5918367346938775,2.693
4,NJD,2.54,0.36363636363636365,3.46
5,SAN,3.289,0.5108342361863488,3.211
0,DET,2.54,0.36363636363636365,3.46
1,OTT,2.981,0.42553191489361697,3.519
2,ARI,2.783,0.5108342361863488,2.717
3,NYR,2.693,0.40816326530612246,3.307
4,DAL,3.46,0.6363636363636364,2.54
5,COL,3.211,0.5121951219512195,3.289
