,Nickname,Total,WinPct,OpptTotal
0,BOS,2.964,0.5121951219512195,3.036
1,CGY,3.413,0.5454545454545454,3.087
2,EDM,2.564,0.37037037037037035,3.436
0,WAS,3.036,0.5108342361863488,2.964
1,CAR,3.087,0.4545454545454546,3.413
2,MON,3.436,0.6296296296296297,2.564
