,Nickname,Total,WinPct,OpptTotal
0,FLA,2.752,0.42553191489361697,3.248
1,CAR,2.783,0.5108342361863488,2.717
2,COL,3.248,0.574468085106383,2.752
0,WIN,3.248,0.574468085106383,2.752
1,ARI,2.717,0.5121951219512195,2.783
2,VAN,2.752,0.42553191489361697,3.248
