,Nickname,Total,WinPct,OpptTotal
0,EDM,2.717,0.5121951219512195,2.783
1,CHI,2.495,0.41666666666666663,3.005
2,CAR,2.469,0.40816326530612246,3.031
0,STL,2.783,0.5108342361863488,2.717
1,ANA,3.005,0.5833333333333334,2.495
2,SAN,3.031,0.5918367346938775,2.469
