,Nickname,Total,WinPct,OpptTotal
0,EDM,2.495,0.3508771929824561,3.505
0,SAN,3.505,0.6491228070175439,2.495
