,Nickname,Total,WinPct,OpptTotal
0,STL,2.374,0.4545454545454546,2.626
0,DAL,2.626,0.5454545454545454,2.374
