,Nickname,Total,WinPct,OpptTotal
0,COB,3.711,0.7058823529411765,2.289
1,LOS,2.419,0.3921568627450981,3.081
2,DAL,3.25,0.5238095238095238,3.25
0,NYR,2.289,0.2941176470588235,3.711
1,ANA,3.081,0.6078431372549019,2.419
2,CHI,3.25,0.5,3.25
