,Nickname,Total,WinPct,OpptTotal
0,PIT,2.949,0.41666666666666663,3.551
1,MON,2.639,0.3921568627450981,3.361
0,WAS,3.551,0.5833333333333334,2.949
1,COL,3.361,0.6078431372549019,2.639
