,Nickname,Total,WinPct,OpptTotal
0,STL,2.815,0.4444444444444444,3.185
1,BOS,3.0,0.5238095238095238,3.0
2,WAS,2.54,0.36363636363636365,3.46
3,ANA,2.329,0.36363636363636365,3.171
0,CHI,3.185,0.5555555555555556,2.815
1,COL,3.0,0.5,3.0
2,WIN,3.46,0.6363636363636364,2.54
3,VGK,3.171,0.6363636363636364,2.329
