,Nickname,Total,WinPct,OpptTotal
0,BOS,2.815,0.4444444444444444,3.185
1,CGY,3.0,0.5238095238095238,3.0
2,NAS,2.346,0.4444444444444444,2.654
0,TOR,3.185,0.5555555555555556,2.815
1,COL,3.0,0.5,3.0
2,DAL,2.654,0.5555555555555556,2.346
