,Nickname,Total,WinPct,OpptTotal
0,TAM,2.783,0.5108342361863488,2.717
1,WIN,3.387,0.6153846153846154,2.613
2,SAN,3.0,0.5238095238095238,3.0
3,OTT,2.394,0.32258064516129037,3.606
0,VGK,2.717,0.5121951219512195,2.783
1,DET,2.613,0.3846153846153846,3.387
2,CAR,3.0,0.5,3.0
3,COL,3.606,0.6774193548387096,2.394
