,Nickname,Total,WinPct,OpptTotal
0,COB,2.351,0.26315789473684215,4.149
1,STL,2.581,0.4444444444444444,2.919
2,PIT,2.919,0.5555555555555556,2.581
3,VGK,2.981,0.42553191489361697,3.519
0,TAM,4.149,0.7368421052631579,2.351
1,WIN,2.919,0.5555555555555556,2.581
2,NYI,2.581,0.4444444444444444,2.919
3,SAN,3.519,0.574468085106383,2.981
