,Nickname,Total,WinPct,OpptTotal
0,CHI,2.949,0.5652173913043478,2.551
0,VAN,2.551,0.4347826086956522,2.949
