,Nickname,Total,WinPct,OpptTotal
0,TAM,3.248,0.574468085106383,2.752
1,WIN,2.444,0.4,3.056
2,NYI,2.35,0.37037037037037035,3.15
3,SAN,2.804,0.37735849056603776,3.696
0,COB,2.752,0.42553191489361697,3.248
1,STL,3.056,0.6,2.444
2,PIT,3.15,0.6296296296296297,2.35
3,VGK,3.696,0.6226415094339622,2.804
