,Nickname,Total,WinPct,OpptTotal
0,NAS,2.734,0.5238095238095238,2.766
1,MIN,2.54,0.36363636363636365,3.46
2,STL,2.949,0.5652173913043478,2.551
3,SAN,3.519,0.574468085106383,2.981
0,COL,2.766,0.5052301255230125,2.734
1,VGK,3.46,0.6363636363636364,2.54
2,LOS,2.551,0.4347826086956522,2.949
3,FLA,2.981,0.42553191489361697,3.519
