,Nickname,Total,WinPct,OpptTotal
0,MIN,3.151,0.5454545454545454,2.849
1,WIN,2.804,0.37735849056603776,3.696
2,NJD,2.046,0.2325581395348837,3.954
3,MON,2.949,0.5652173913043478,2.551
0,FLA,2.849,0.4545454545454546,3.151
1,CAR,3.696,0.6226415094339622,2.804
2,WAS,3.954,0.7674418604651163,2.046
3,ANA,2.551,0.4347826086956522,2.949
