,Nickname,Total,WinPct,OpptTotal
0,BUF,2.564,0.37037037037037035,3.436
1,PHI,3.087,0.4545454545454546,3.413
2,WIN,2.588,0.37735849056603776,3.412
0,COB,3.436,0.6296296296296297,2.564
1,NYR,3.413,0.5454545454545454,3.087
2,BOS,3.412,0.6226415094339622,2.588
