,Nickname,Total,WinPct,OpptTotal
0,STL,2.964,0.5121951219512195,3.036
1,BOS,3.0,0.5238095238095238,3.0
2,WAS,2.54,0.36363636363636365,3.46
3,ANA,2.329,0.36363636363636365,3.171
0,CHI,3.036,0.5108342361863488,2.964
1,COL,3.0,0.5,3.0
2,WIN,3.46,0.6363636363636364,2.54
3,VGK,3.171,0.6363636363636364,2.329
