,Nickname,Total,WinPct,OpptTotal
0,BOS,2.551,0.4347826086956522,2.949
1,SAN,2.495,0.3508771929824561,3.505
0,TOR,2.949,0.5652173913043478,2.551
1,VGK,3.505,0.6491228070175439,2.495
