,Nickname,Total,WinPct,OpptTotal
0,VGK,3.334,0.6,2.666
1,PHI,2.777,0.37037037037037035,3.723
2,PIT,3.46,0.6363636363636364,2.54
3,DAL,2.717,0.5121951219512195,2.783
0,NYI,2.666,0.4,3.334
1,CGY,3.723,0.6296296296296297,2.777
2,CHI,2.54,0.36363636363636365,3.46
3,ANA,2.783,0.5108342361863488,2.717
