,Nickname,Total,WinPct,OpptTotal
0,STL,3.339,0.6875,2.161
1,NJD,2.75,0.5238095238095238,2.75
2,ARI,2.395,0.3846153846153846,3.105
3,NAS,2.783,0.4347826086956522,3.217
4,ANA,2.227,0.2777777777777778,3.773
5,MIN,2.308,0.3571428571428571,3.192
0,NYR,2.161,0.3125,3.339
1,DET,2.75,0.5,2.75
2,COL,3.105,0.6153846153846154,2.395
3,PIT,3.217,0.5652173913043478,2.783
4,CGY,3.773,0.7222222222222222,2.227
5,VGK,3.192,0.6428571428571429,2.308
