,Nickname,Total,WinPct,OpptTotal
0,TAM,3.519,0.574468085106383,2.981
1,EDM,2.612,0.4545454545454546,2.888
2,BUF,2.35,0.37037037037037035,3.15
0,NJD,2.981,0.42553191489361697,3.519
1,DAL,2.888,0.5454545454545454,2.612
2,NAS,3.15,0.6296296296296297,2.35
