,Nickname,Total,WinPct,OpptTotal
0,COL,3.723,0.6296296296296297,2.777
1,BUF,2.516,0.303030303030303,3.984
2,EDM,2.717,0.5121951219512195,2.783
3,BOS,3.334,0.6,2.666
4,SAN,3.307,0.5918367346938775,2.693
0,OTT,2.777,0.37037037037037035,3.723
1,CGY,3.984,0.696969696969697,2.516
2,VAN,2.783,0.5108342361863488,2.717
3,PHI,2.666,0.4,3.334
4,ARI,2.693,0.40816326530612246,3.307
