,Nickname,Total,WinPct,OpptTotal
0,TOR,3.485,0.5652173913043478,3.015
1,OTT,2.48,0.2941176470588235,4.02
2,PIT,3.412,0.6226415094339622,2.588
3,BUF,2.75,0.5238095238095238,2.75
4,MON,2.666,0.4,3.334
5,NYI,2.518,0.3571428571428571,3.482
6,DET,2.445,0.2857142857142857,4.055
0,FLA,3.015,0.4347826086956522,3.485
1,CAR,4.02,0.7058823529411765,2.48
2,ARI,2.588,0.37735849056603776,3.412
3,VAN,2.75,0.5,2.75
4,COB,3.334,0.6,2.666
5,WAS,3.482,0.6428571428571429,2.518
6,CGY,4.055,0.7142857142857143,2.445
