,Nickname,Total,WinPct,OpptTotal
0,CAR,2.395,0.3846153846153846,3.105
0,WAS,3.105,0.6153846153846154,2.395
