,Nickname,Total,WinPct,OpptTotal
0,FLA,2.918,0.40816326530612246,3.582
1,NAS,3.036,0.5108342361863488,2.964
2,MIN,2.693,0.40816326530612246,3.307
0,WAS,3.582,0.5918367346938775,2.918
1,CGY,2.964,0.5121951219512195,3.036
2,DAL,3.307,0.5918367346938775,2.693
