,Nickname,Total,WinPct,OpptTotal
0,DAL,2.783,0.5108342361863488,2.717
1,MIN,2.581,0.4444444444444444,2.919
2,VGK,2.888,0.5454545454545454,2.612
3,NJD,2.564,0.37037037037037035,3.436
4,COL,2.783,0.5108342361863488,2.717
0,NYI,2.717,0.5121951219512195,2.783
1,CHI,2.919,0.5555555555555556,2.581
2,EDM,2.612,0.4545454545454546,2.888
3,CAR,3.436,0.6296296296296297,2.564
4,ANA,2.717,0.5121951219512195,2.783
