,Nickname,Total,WinPct,OpptTotal
0,DAL,2.245,0.40816326530612246,2.755
1,COB,2.495,0.41666666666666663,3.005
0,STL,2.755,0.5918367346938775,2.245
1,BOS,3.005,0.5833333333333334,2.495
