,Nickname,Total,WinPct,OpptTotal
0,BUF,2.752,0.36363636363636365,3.748
1,CHI,2.445,0.2857142857142857,4.055
2,OTT,2.777,0.37037037037037035,3.723
0,WAS,3.748,0.6363636363636364,2.752
1,COL,4.055,0.7142857142857143,2.445
2,NJD,3.723,0.6296296296296297,2.777
