,Nickname,Total,WinPct,OpptTotal
0,COB,4.02,0.7058823529411765,2.48
1,MIN,2.75,0.5238095238095238,2.75
2,WIN,2.639,0.3921568627450981,3.361
3,COL,3.715,0.5555555555555556,3.285
4,ANA,2.273,0.28985507246376807,3.727
0,OTT,2.48,0.2941176470588235,4.02
1,DET,2.75,0.5,2.75
2,VGK,3.361,0.6078431372549019,2.639
3,CHI,3.285,0.4444444444444444,3.715
4,CGY,3.727,0.7101449275362319,2.273
