,Nickname,Total,WinPct,OpptTotal
0,TOR,2.693,0.40816326530612246,3.307
1,COL,2.54,0.36363636363636365,3.46
0,BOS,3.307,0.5918367346938775,2.693
1,CGY,3.46,0.6363636363636364,2.54
