,Nickname,Total,WinPct,OpptTotal
0,CAR,3.036,0.5108342361863488,2.964
0,NYR,2.964,0.5121951219512195,3.036
