,Nickname,Total,WinPct,OpptTotal
0,BOS,2.581,0.4444444444444444,2.919
1,SAN,2.551,0.4347826086956522,2.949
0,COB,2.919,0.5555555555555556,2.581
1,COL,2.949,0.5652173913043478,2.551
