,Nickname,Total,WinPct,OpptTotal
0,CAR,2.469,0.40816326530612246,3.031
1,DAL,2.199,0.3921568627450981,2.801
2,WIN,2.444,0.4,3.056
0,WAS,3.031,0.5918367346938775,2.469
1,NAS,2.801,0.6078431372549019,2.199
2,STL,3.056,0.6,2.444
