,Nickname,Total,WinPct,OpptTotal
0,EDM,2.815,0.4444444444444444,3.185
1,TOR,2.981,0.42553191489361697,3.519
0,BUF,3.185,0.5555555555555556,2.815
1,CGY,3.519,0.574468085106383,2.981
