,Nickname,Total,WinPct,OpptTotal
0,CGY,2.75,0.5238095238095238,2.75
1,ANA,2.129,0.303030303030303,3.371
2,NJD,2.54,0.36363636363636365,3.46
3,EDM,2.949,0.5652173913043478,2.551
0,ARI,2.75,0.5,2.75
1,NAS,3.371,0.696969696969697,2.129
2,TAM,3.46,0.6363636363636364,2.54
3,LOS,2.551,0.4347826086956522,2.949
