,Nickname,Total,WinPct,OpptTotal
0,COB,2.849,0.4545454545454546,3.151
1,NYR,2.717,0.5121951219512195,2.783
2,SAN,3.151,0.5454545454545454,2.849
3,NJD,2.666,0.4,3.334
4,COL,2.518,0.3571428571428571,3.482
5,MIN,2.717,0.5121951219512195,2.783
0,WAS,3.151,0.5454545454545454,2.849
1,DET,2.783,0.5108342361863488,2.717
2,STL,2.849,0.4545454545454546,3.151
3,TOR,3.334,0.6,2.666
4,WIN,3.482,0.6428571428571429,2.518
5,ANA,2.783,0.5108342361863488,2.717
