,Nickname,Total,WinPct,OpptTotal
0,CGY,3.906,0.6774193548387096,2.594
1,TAM,3.984,0.696969696969697,2.516
2,CHI,3.151,0.5454545454545454,2.849
3,EDM,2.48,0.2941176470588235,4.02
4,VAN,2.727,0.3571428571428571,3.773
0,NJD,2.594,0.32258064516129037,3.906
1,NYR,2.516,0.303030303030303,3.984
2,ANA,2.849,0.4545454545454546,3.151
3,TOR,4.02,0.7058823529411765,2.48
4,COL,3.773,0.6428571428571429,2.727
