,Nickname,Total,WinPct,OpptTotal
0,VAN,2.783,0.4347826086956522,3.217
1,COB,3.0,0.5238095238095238,3.0
2,CHI,2.564,0.37037037037037035,3.436
3,NAS,3.081,0.6078431372549019,2.419
0,NYR,3.217,0.5652173913043478,2.783
1,DAL,3.0,0.5,3.0
2,CAR,3.436,0.6296296296296297,2.564
3,ANA,2.419,0.3921568627450981,3.081
