,Nickname,Total,WinPct,OpptTotal
0,NJD,2.227,0.2777777777777778,3.773
1,NYI,2.717,0.5121951219512195,2.783
2,PHI,2.804,0.37735849056603776,3.696
3,EDM,2.289,0.2941176470588235,3.711
4,STL,3.056,0.6,2.444
5,VAN,2.161,0.3125,3.339
6,FLA,2.783,0.5108342361863488,2.717
0,COL,3.773,0.7222222222222222,2.227
1,MIN,2.783,0.5108342361863488,2.717
2,PIT,3.696,0.6226415094339622,2.804
3,VGK,3.711,0.7058823529411765,2.289
4,BUF,2.444,0.4,3.056
5,DAL,3.339,0.6875,2.161
6,ANA,2.717,0.5121951219512195,2.783
