,Nickname,Total,WinPct,OpptTotal
0,VGK,2.888,0.4,3.612
1,NAS,3.748,0.6363636363636364,2.752
2,NYI,2.564,0.37037037037037035,3.436
3,ANA,2.588,0.37735849056603776,3.412
4,BOS,2.693,0.40816326530612246,3.307
0,COB,3.612,0.6,2.888
1,OTT,2.752,0.36363636363636365,3.748
2,COL,3.436,0.6296296296296297,2.564
3,PIT,3.412,0.6226415094339622,2.588
4,MON,3.307,0.5918367346938775,2.693
