,Nickname,Total,WinPct,OpptTotal
0,SAN,2.469,0.40816326530612246,3.031
0,STL,3.031,0.5918367346938775,2.469
