,Nickname,Total,WinPct,OpptTotal
0,BUF,2.613,0.3846153846153846,3.387
1,ANA,2.23,0.33333333333333337,3.27
2,STL,2.564,0.37037037037037035,3.436
3,NJD,2.613,0.3846153846153846,3.387
4,LOS,2.129,0.303030303030303,3.371
0,FLA,3.387,0.6153846153846154,2.613
1,CAR,3.27,0.6666666666666666,2.23
2,COL,3.436,0.6296296296296297,2.564
3,WAS,3.387,0.6153846153846154,2.613
4,CGY,3.371,0.696969696969697,2.129
