,Nickname,Total,WinPct,OpptTotal
0,NYR,2.372,0.37735849056603776,3.128
1,DAL,3.334,0.6,2.666
2,OTT,2.322,0.303030303030303,3.678
3,NYI,2.394,0.32258064516129037,3.606
4,EDM,2.964,0.5121951219512195,3.036
5,SAN,3.031,0.5918367346938775,2.469
0,LOS,3.128,0.6226415094339622,2.372
1,DET,2.666,0.4,3.334
2,VGK,3.678,0.696969696969697,2.322
3,CAR,3.606,0.6774193548387096,2.394
4,CHI,3.036,0.5108342361863488,2.964
5,ANA,2.469,0.40816326530612246,3.031
