,Nickname,Total,WinPct,OpptTotal
0,PIT,3.015,0.4347826086956522,3.485
1,CGY,3.031,0.5918367346938775,2.469
2,NAS,3.185,0.5555555555555556,2.815
0,WAS,3.485,0.5652173913043478,3.015
1,ANA,2.469,0.40816326530612246,3.031
2,COL,2.815,0.4444444444444444,3.185
