,Nickname,Total,WinPct,OpptTotal
0,OTT,2.54,0.36363636363636365,3.46
1,CGY,3.081,0.6078431372549019,2.419
2,STL,3.361,0.6078431372549019,2.639
0,NYR,3.46,0.6363636363636364,2.54
1,ANA,2.419,0.3921568627450981,3.081
2,CHI,2.639,0.3921568627450981,3.361
