,Nickname,Total,WinPct,OpptTotal
0,COL,2.703,0.3508771929824561,3.797
1,STL,2.372,0.37735849056603776,3.128
2,MON,2.308,0.3571428571428571,3.192
3,MIN,3.151,0.5454545454545454,2.849
4,CHI,2.639,0.3921568627450981,3.361
5,BUF,2.815,0.4444444444444444,3.185
0,TOR,3.797,0.6491228070175439,2.703
1,WAS,3.128,0.6226415094339622,2.372
2,BOS,3.192,0.6428571428571429,2.308
3,PHI,2.849,0.4545454545454546,3.151
4,NJD,3.361,0.6078431372549019,2.639
5,EDM,3.185,0.5555555555555556,2.815
