,Nickname,Total,WinPct,OpptTotal
0,NYR,2.804,0.37735849056603776,3.696
1,MIN,2.47,0.5121951219512195,2.53
2,BOS,3.305,0.6774193548387096,2.195
3,CAR,2.666,0.4,3.334
4,COB,3.305,0.6774193548387096,2.195
5,CGY,3.25,0.5238095238095238,3.25
0,PHI,3.696,0.6226415094339622,2.804
1,ARI,2.53,0.5108342361863488,2.47
2,DET,2.195,0.32258064516129037,3.305
3,PIT,3.334,0.6,2.666
4,BUF,2.195,0.32258064516129037,3.305
5,SAN,3.25,0.5,3.25
