,Nickname,Total,WinPct,OpptTotal
0,ARI,2.381,0.2702702702702703,4.119
1,WIN,3.46,0.6363636363636364,2.54
2,VAN,2.48,0.2941176470588235,4.02
3,VGK,2.703,0.3508771929824561,3.797
0,TAM,4.119,0.7297297297297297,2.381
1,LOS,2.54,0.36363636363636365,3.46
2,CHI,4.02,0.7058823529411765,2.48
3,SAN,3.797,0.6491228070175439,2.703
