,Nickname,Total,WinPct,OpptTotal
0,BOS,2.612,0.4545454545454546,2.888
1,LOS,2.419,0.3921568627450981,3.081
2,STL,2.395,0.3846153846153846,3.105
3,BUF,2.394,0.32258064516129037,3.606
4,WAS,2.613,0.3846153846153846,3.387
5,TOR,2.888,0.5454545454545454,2.612
0,DAL,2.888,0.5454545454545454,2.612
1,CHI,3.081,0.6078431372549019,2.419
2,VGK,3.105,0.6153846153846154,2.395
3,WIN,3.606,0.6774193548387096,2.394
4,COL,3.387,0.6153846153846154,2.613
5,ANA,2.612,0.4545454545454546,2.888
