,Nickname,Total,WinPct,OpptTotal
0,BOS,2.612,0.4545454545454546,2.888
0,CAR,2.888,0.5454545454545454,2.612
