,Nickname,Total,WinPct,OpptTotal
0,COL,2.495,0.41666666666666663,3.005
0,SAN,3.005,0.5833333333333334,2.495
