,Nickname,Total,WinPct,OpptTotal
0,BUF,2.444,0.4,3.056
1,FLA,2.497,0.29850746268656714,4.003
2,DET,2.554,0.3125,3.946
3,PIT,3.185,0.5555555555555556,2.815
0,CAR,3.056,0.6,2.444
1,CGY,4.003,0.7014925373134329,2.497
2,WIN,3.946,0.6875,2.554
3,ANA,2.815,0.4444444444444444,3.185
