,Nickname,Total,WinPct,OpptTotal
0,DAL,3.748,0.6363636363636364,2.752
1,LOS,2.54,0.36363636363636365,3.46
2,DET,2.613,0.3846153846153846,3.387
3,MIN,2.433,0.33333333333333337,3.567
0,OTT,2.752,0.36363636363636365,3.748
1,TOR,3.46,0.6363636363636364,2.54
2,MON,3.387,0.6153846153846154,2.613
3,NAS,3.567,0.6666666666666666,2.433
