,Nickname,Total,WinPct,OpptTotal
0,CHI,2.67,0.2941176470588235,4.33
1,NYR,2.581,0.4444444444444444,2.919
2,NJD,2.227,0.2777777777777778,3.773
0,TOR,4.33,0.7058823529411765,2.67
1,VAN,2.919,0.5555555555555556,2.581
2,EDM,3.773,0.7222222222222222,2.227
