,Nickname,Total,WinPct,OpptTotal
0,TAM,3.567,0.6666666666666666,2.433
1,COB,2.612,0.4545454545454546,2.888
2,BUF,2.752,0.42553191489361697,3.248
0,OTT,2.433,0.33333333333333337,3.567
1,ANA,2.888,0.5454545454545454,2.612
2,NYR,3.248,0.574468085106383,2.752
