,Nickname,Total,WinPct,OpptTotal
0,ANA,2.329,0.36363636363636365,3.171
1,SAN,2.564,0.37037037037037035,3.436
2,PIT,3.211,0.5121951219512195,3.289
3,STL,2.949,0.5652173913043478,2.551
4,DAL,2.394,0.32258064516129037,3.606
0,FLA,3.171,0.6363636363636364,2.329
1,TOR,3.436,0.6296296296296297,2.564
2,COL,3.289,0.5108342361863488,3.211
3,DET,2.551,0.4347826086956522,2.949
4,CGY,3.606,0.6774193548387096,2.394
