,Nickname,Total,WinPct,OpptTotal
0,SAN,2.981,0.42553191489361697,3.519
1,NYI,3.278,0.5833333333333334,2.722
2,CAR,2.752,0.36363636363636365,3.748
3,ARI,2.964,0.5121951219512195,3.036
4,DET,2.693,0.40816326530612246,3.307
0,WAS,3.519,0.574468085106383,2.981
1,CHI,2.722,0.41666666666666663,3.278
2,CGY,3.748,0.6363636363636364,2.752
3,OTT,3.036,0.5108342361863488,2.964
4,EDM,3.307,0.5918367346938775,2.693
