,Nickname,Total,WinPct,OpptTotal
0,NAS,2.293,0.42553191489361697,2.707
1,WAS,2.581,0.4444444444444444,2.919
0,DAL,2.707,0.574468085106383,2.293
1,CAR,2.919,0.5555555555555556,2.581
