,Nickname,Total,WinPct,OpptTotal
0,NYR,2.554,0.3125,3.946
1,SAN,3.864,0.6666666666666666,2.636
2,STL,2.612,0.4545454545454546,2.888
3,DAL,3.25,0.5238095238095238,3.25
4,CGY,3.711,0.7058823529411765,2.289
5,WIN,3.217,0.5652173913043478,2.783
0,WAS,3.946,0.6875,2.554
1,DET,2.636,0.33333333333333337,3.864
2,MIN,2.888,0.5454545454545454,2.612
3,CHI,3.25,0.5,3.25
4,OTT,2.289,0.2941176470588235,3.711
5,ARI,2.783,0.4347826086956522,3.217
