,Nickname,Total,WinPct,OpptTotal
0,NYI,2.319,0.4347826086956522,2.681
1,STL,2.346,0.4444444444444444,2.654
0,CAR,2.681,0.5652173913043478,2.319
1,DAL,2.654,0.5555555555555556,2.346
