,Nickname,Total,WinPct,OpptTotal
0,NAS,2.752,0.42553191489361697,3.248
1,MIN,2.849,0.4545454545454546,3.151
2,LOS,2.129,0.303030303030303,3.371
3,STL,2.964,0.5121951219512195,3.036
4,CGY,3.773,0.6428571428571429,2.727
0,TOR,3.248,0.574468085106383,2.752
1,MON,3.151,0.5454545454545454,2.849
2,SAN,3.371,0.696969696969697,2.129
3,PHI,3.036,0.5108342361863488,2.964
4,CHI,2.727,0.3571428571428571,3.773
