,Nickname,Total,WinPct,OpptTotal
0,COL,2.783,0.4347826086956522,3.217
1,STL,2.639,0.3921568627450981,3.361
2,CAR,3.307,0.5918367346938775,2.693
3,WAS,3.278,0.5833333333333334,2.722
0,PHI,3.217,0.5652173913043478,2.783
1,WIN,3.361,0.6078431372549019,2.639
2,DET,2.693,0.40816326530612246,3.307
3,VAN,2.722,0.41666666666666663,3.278
