,Nickname,Total,WinPct,OpptTotal
0,COB,2.48,0.2941176470588235,4.02
1,STL,2.612,0.4545454545454546,2.888
2,VGK,2.783,0.4347826086956522,3.217
3,PIT,2.75,0.5238095238095238,2.75
4,DAL,2.199,0.3921568627450981,2.801
0,TAM,4.02,0.7058823529411765,2.48
1,WIN,2.888,0.5454545454545454,2.612
2,SAN,3.217,0.5652173913043478,2.783
3,NYI,2.75,0.5,2.75
4,NAS,2.801,0.6078431372549019,2.199
